﻿<?xml version="1.0"?>
<info>
    <id>onlyoffice</id>
    <ocsid>174798</ocsid>
    <name>ONLYOFFICE</name>
    <summary>ONLYOFFICE connector</summary>
    <description>ONLYOFFICE connector enables you to edit Office documents within ONLYOFFICE from the familiar web interface. This will create a new Open in ONLYOFFICE action within the document library for Office documents. This allows multiple users to collaborate in real time and to save back those changes to your file storage.</description>
    <licence>agpl</licence>
    <author mail="dev@onlyoffice.com" homepage="https://www.onlyoffice.com/">Ascensio System SIA</author>
    <version>2.1.10</version>
    <namespace>Onlyoffice</namespace>
    <types>
        <filesystem/>
    </types>
    <documentation>
        <admin>https://api.onlyoffice.com/editors/nextcloud</admin>
        <developer>https://api.onlyoffice.com/editors/nextcloud</developer>
        <user>https://api.onlyoffice.com/editors/nextcloud</user>
    </documentation>
    <category>files</category>
    <category>integration</category>
    <category>office</category>
    <category>tools</category>
    <website>https://www.onlyoffice.com</website>
    <bugs>https://github.com/ONLYOFFICE/onlyoffice-nextcloud/issues</bugs>
    <repository type="git">https://github.com/ONLYOFFICE/onlyoffice-nextcloud.git</repository>
    <screenshot small-thumbnail="https://raw.githubusercontent.com/ONLYOFFICE/onlyoffice-nextcloud/master/screenshots/main_small.png">https://raw.githubusercontent.com/ONLYOFFICE/onlyoffice-nextcloud/master/screenshots/main.png</screenshot>
    <screenshot>https://raw.githubusercontent.com/ONLYOFFICE/onlyoffice-nextcloud/master/screenshots/settings.png</screenshot>
    <screenshot>https://raw.githubusercontent.com/ONLYOFFICE/onlyoffice-nextcloud/master/screenshots/new.png</screenshot>
    <screenshot>https://raw.githubusercontent.com/ONLYOFFICE/onlyoffice-nextcloud/master/screenshots/open.png</screenshot>
    <dependencies>
        <nextcloud min-version="14" max-version="16"/>
    </dependencies>
    <settings>
        <admin>OCA\Onlyoffice\AdminSettings</admin>
        <admin-section>OCA\Onlyoffice\AdminSection</admin-section>
    </settings>
</info>
